time_step,energy,service_type
1,2699.839551996791,A
1,3212.6425205907394,B
1,2918.4587190451944,C
