time_step,energy,service_type
1,2860.269177787728,A
1,3381.319640312409,B
1,2983.709523922996,C
