time_step,avg_reward
1,27540.269205077766
2,27340.269205077766
3,26693.866522268407
4,26387.199855601742
5,27342.356391004927
6,26930.825216426507
7,26708.602994204284
