time_step,avg_reward
1,26326.807269264664
2,26126.807269264664
3,25490.270358852184
4,25183.603692185516
5,26168.498922636136
6,25717.363280613405
7,25495.141058391182
