time_step,productivity,tax_rate
1,31180.655012517076,0.0
2,30980.655012517076,0.0
3,30542.655012517076,0.0
4,30182.655012517076,0.0
5,30636.530268900744,0.0
6,30292.530268900744,0.0
7,30080.030268900744,0.0
