time_step,equality,tax_rate
1,0.8443314375113705,0.0
2,0.8433264970901577,0.0
3,0.834579389002223,0.0
4,0.8343733737718435,0.0
5,0.8541600074470533,0.0
6,0.8489671563360837,0.0
7,0.847576974839357,0.0
