time_step,eq_times_productivity,tax_rate
1,26326.807269264664,0.0
2,26126.807269264664,0.0
3,25490.270358852184,0.0
4,25183.603692185516,0.0
5,26168.498922636136,0.0
6,25717.363280613405,0.0
7,25495.141058391182,0.0
