time_step,avg_reward
1,26326.807269264664
2,26126.807269264664
3,25490.270358852184
4,25183.603692185516
5,26168.498922636136
6,25968.498922636132
7,25768.498922636136
8,25568.498922636132
9,25927.043629740176
10,25727.043629740176
11,24993.259539085902
